full_name,birthday,department,phone,emal,address,job,hiring_date
Charles Jackson,1989-07-25,HR,001-345-489-8424x413,tfreeman@example.org,"08546 Johnson Center
North Jason, FM 91270",Veterinary surgeon,2016-01-19
Sandra Larsen,1989-03-19,Marketing,+1-922-504-5680,susansullivan@example.com,"5924 Thomas Pines Apt. 903
South Nicholas, MD 97515",Ecologist,2010-08-16
Julie Hobbs,2001-03-19,HR,917-335-3162,amberreynolds@example.net,"332 Caleb Squares Apt. 798
Port Jessica, DE 44954","Surveyor, insurance",2011-02-16
Alicia Herrera,1993-01-17,IT,+1-261-342-6613x26671,mindy05@example.com,"Unit 4401 Box 0988
DPO AA 47527",Environmental education officer,2007-11-16
Roberto Holt,1974-02-03,Engineering,203.271.9256,richardrodriguez@example.net,"66702 Martin Brook
West Caitlynville, WV 69523","Designer, television/film set",2011-03-02
Melvin Bauer,1979-01-14,Marketing,818-318-5242,reyesmatthew@example.com,"14144 Suarez Ranch Suite 003
Hollyton, ND 98736",Fine artist,2020-05-03
Danielle Glover,2000-08-26,IT,304.206.8300x7608,vkennedy@example.net,"02509 Melissa Ville Suite 044
East Donnafurt, WV 51265",Data processing manager,2007-10-26
Todd Gardner,1980-10-09,HR,(478)758-3985x872,amartin@example.com,"2598 Bradley Trail Suite 971
Antonioburgh, AZ 63985","Surveyor, planning and development",2004-12-06
Laura Roberts,2003-05-16,Finance,912.968.2876,cynthiahale@example.net,"0427 Adam Motorway Suite 785
Hartchester, VT 04717",Pension scheme manager,2010-08-12
Laura Smith,1981-03-22,Engineering,526-601-0460,oavila@example.com,"040 Lori Flat
Sparksfurt, ME 37993",Dramatherapist,2006-02-23
Stephanie Gomez,1993-08-10,Engineering,+1-648-260-3734x66103,castilloamy@example.org,"114 Munoz Ports Suite 038
Staceyshire, ID 70423",Market researcher,2021-06-10
James Casey,1987-10-10,Engineering,+1-511-299-6640x918,michael12@example.net,"6078 Robinson Lakes Apt. 188
North Michael, CT 36587","Engineer, control and instrumentation",2023-11-09
Andrew Mayo,1996-08-07,Finance,459.574.4137x15207,xyoung@example.org,"6841 Hamilton Lake
Jonland, SD 61552",Financial risk analyst,2009-03-27
Marissa Johnson,1985-04-23,Engineering,001-457-848-6853x3095,pamela51@example.com,"829 Myers Ford Suite 974
Greenville, AR 52362",Special effects artist,2024-01-15
Brooke Bruce,1965-01-03,Marketing,+1-797-673-8047,michael07@example.org,"27295 Ashley Meadows Apt. 166
Mcknightton, IN 07520",Licensed conveyancer,2004-10-22
Jennifer Walker,2002-12-21,Engineering,001-860-958-5645x22088,travisandrew@example.com,"881 Sexton Knoll
West Dawn, VT 54130",Child psychotherapist,2005-08-17
David White,1980-06-22,Engineering,001-809-592-7278x92969,davidsonmichael@example.com,"55238 Hahn Mount Suite 119
Josephchester, ID 20961",Fish farm manager,2015-11-07
Kyle Hunt,1966-04-17,HR,+1-267-610-2329x77749,mbauer@example.net,"562 Burns Fields
Karenmouth, FL 94099","Engineer, building services",2008-02-26
Heather Morrow DDS,1993-05-13,Finance,001-560-274-1221,laura17@example.net,"4073 Brian Valley Apt. 000
Port Barry, MD 93870","Lecturer, higher education",2024-09-16
Gail Holder,2003-10-31,Finance,9389689072,jamesdonaldson@example.org,"67390 Shaun Drive
Port Maryville, DE 12436",Psychotherapist,2004-11-05
Rebecca Stevens,2001-11-15,IT,908.874.4941x1206,bfuller@example.net,"3309 Campbell Inlet
Port Nicholas, NH 28922","Engineer, energy",2024-01-01
Christopher Miller,1995-11-01,Engineering,(383)748-2228,edavis@example.net,"224 Gomez Harbor
North Cheyenne, NC 03194","Education officer, environmental",2021-10-09
Dave Campbell,1970-06-27,IT,6345442682,craigmartin@example.org,"2786 Steven Branch
Petersonburgh, IL 73302","Designer, ceramics/pottery",2009-01-26
Ellen Taylor,2000-02-24,Engineering,001-547-751-0385x0590,amberturner@example.org,"78892 Robert Loaf Apt. 822
Michellefurt, WA 86414",Operational researcher,2014-09-11
James Miller,1996-03-25,Engineering,(687)894-1070,juliemack@example.com,"8510 Jessica Fords
Ryanville, NJ 51899","Teacher, music",2024-09-10
Michelle Brown,1964-09-04,Finance,614.880.4028x793,matthew61@example.org,"3841 Smith Springs
Thomastown, TX 78260","Programmer, applications",2022-10-29
Christopher Flores,1970-01-22,Finance,410-841-7702,ashleymorrison@example.com,"5343 Amy Mill Suite 170
West Matthewland, AK 85094","Teacher, special educational needs",2007-01-31
Kendra Goodwin,1981-01-15,Engineering,001-725-727-8247x2590,hday@example.net,"9144 Nguyen Glen
New Johnny, PW 30983",Quarry manager,2012-05-11
Marc Sherman,1987-05-07,IT,(828)872-1191x30295,garciabrian@example.org,"052 Donna Shoals
South David, RI 07941",Ship broker,2009-03-08
James Ingram,1986-11-15,Marketing,814-796-0709x709,fsalazar@example.net,"142 Weber Loaf
South Victoriaburgh, DC 02288",Senior tax professional/tax inspector,2021-03-27
Catherine Tyler,1994-11-26,IT,001-684-398-6758,vmartin@example.com,"0669 Sanders Ramp
Joshuaville, IN 89434",Copy,2015-11-12
Gina Taylor,1982-12-22,Finance,752.355.7475,kimanderson@example.org,"2826 Cynthia Stravenue
Jasonmouth, DE 59468",Horticultural therapist,2009-11-06
Dr. Brian Henry,1989-12-25,Engineering,+1-299-953-9330x8513,singhteresa@example.org,"784 Murillo Ford
New Tylerfort, RI 78185","Lecturer, higher education",2013-12-27
Danielle Smith,1978-11-16,Finance,408.237.9674x80653,xgolden@example.com,"68828 Veronica Point Suite 590
Lake Patrick, RI 93961",Armed forces logistics/support/administrative officer,2013-09-26
Debra Evans,1963-05-22,HR,(236)384-0640,drichardson@example.com,"37192 David Light
Joshuabury, TX 75311",Human resources officer,2015-10-04
Nancy Hutchinson,1994-11-02,IT,+1-562-971-2543x1689,thomastim@example.net,"Unit 6221 Box 1464
DPO AP 98155",Social worker,2009-05-28
Mitchell Walker,1980-12-05,Engineering,001-332-291-7267x85284,jennifer65@example.org,"12504 Patel Overpass Apt. 011
Howellton, DE 57550","Journalist, newspaper",2005-11-26
Sarah Beasley,1981-11-27,Engineering,7659147761,whuang@example.com,"51142 Owens Run Apt. 450
South Brandonstad, WI 05892",Estate manager/land agent,2009-02-26
Kathleen Walker,1978-10-29,Marketing,001-210-862-8490x203,brandisoto@example.com,"306 Edwards Corner
Lake Blakefort, WV 15941","Scientist, audiological",2017-10-27
Maria Norton,2000-04-29,Finance,212-520-5639x903,mullensteven@example.org,"211 Sean Burg
Lindseyton, RI 25303",Physiological scientist,2012-07-11
Leslie West,1980-05-03,IT,960.270.2626,gutierrezmia@example.com,"PSC 8958, Box 4374
APO AP 34920","Designer, exhibition/display",2016-05-16
Jose Cooper,1998-10-25,HR,001-270-729-8789x89824,amanda03@example.com,"086 Lawrence Lodge Apt. 200
Jeffchester, IN 30499",Airline pilot,2016-08-12
Robert Pope,1996-09-22,Finance,(688)725-5761x565,michaelshaw@example.net,"639 Combs Pines
Simpsonmouth, NY 81974",Clinical cytogeneticist,2022-12-24
Jesus West,1982-09-02,Finance,001-209-993-7173x92570,max41@example.net,"62690 Christina Unions Suite 290
Gatesmouth, PA 14544",Local government officer,2024-02-02
Joel Walker,1988-03-09,Engineering,001-789-880-9908x847,teresa57@example.net,"3801 Shelton Mill Suite 758
Jesseland, ND 87737",Television camera operator,2018-06-29
Shannon Smith,1989-04-29,Marketing,7563606201,padillaralph@example.net,"013 Keith Mills
Grahamshire, OR 30887",Farm manager,2024-07-09
Tonya Clark,1974-03-25,Finance,(401)662-1211x44611,kennethmyers@example.com,"4518 David Parkway Apt. 619
Salasport, WV 93232",Textile designer,2007-10-15
Laura Jackson,1960-10-23,IT,639.946.0783x73780,mcbridekathleen@example.org,"36530 Carroll Turnpike
North Matthew, WY 33698",Theatre stage manager,2023-09-14
Connie Simpson,1992-11-18,IT,(477)456-0483,jonathanward@example.com,"2920 Young Lakes Suite 115
New Patricia, AR 33822","Scientist, forensic",2017-06-09
Lindsey Salinas,1996-07-01,HR,416.586.1909,fgomez@example.org,"3740 Smith Trace Apt. 731
South Michelleside, CA 11904",Forensic scientist,2021-03-26
Andrew Bowen,1960-09-28,Marketing,001-319-595-2365x6928,timothyli@example.com,"PSC 8193, Box 2985
APO AP 62506",Chartered accountant,2020-01-05
Natalie Wilson,1974-08-20,HR,6399891975,devin78@example.net,"709 Harris Square
Loriberg, VA 59054",Community education officer,2011-09-11
Kenneth Smith,1990-01-17,Marketing,387.849.4518,myersdaniel@example.net,"8336 Moreno Terrace Apt. 700
New Amyland, VA 99936",Neurosurgeon,2015-11-28
John Young,1963-10-30,HR,(703)997-9037,kara43@example.org,"6856 Jacob Brooks Suite 284
Stewartborough, TX 34212",Medical sales representative,2009-08-15
Elizabeth Cobb,1994-12-22,IT,+1-979-213-0442x334,nfisher@example.com,"9152 Mary Fort
Nicoleburgh, IN 97120","Production assistant, radio",2017-11-20
Mary Blake,1984-12-18,Engineering,001-547-506-6515x57054,ashley96@example.net,"Unit 0949 Box 6270
DPO AP 49014",Rural practice surveyor,2019-04-27
Dr. Carla Knight MD,1975-03-10,IT,001-361-328-9662x092,johngarrett@example.com,"18863 James Lodge
North Christopher, VA 61963",Estate manager/land agent,2016-09-05
Kathleen Acosta,1983-05-09,Finance,001-635-642-2283x55160,qjimenez@example.com,"PSC 0331, Box 1047
APO AE 57850",Chief Executive Officer,2005-03-20
Harold Mcmillan,2005-05-28,Engineering,+1-614-388-4046,kelly18@example.org,"839 Johnson Locks Suite 824
Barryhaven, OR 40294","Scientist, biomedical",2018-12-04
Brianna Hammond,1998-08-04,Finance,853-302-2416x7458,daniel56@example.com,"4650 Davidson Divide Apt. 262
West Anaton, NV 83108","Geologist, wellsite",2012-08-31
Nichole Lucas,1986-05-18,HR,001-872-814-6881,robert64@example.com,"7001 Dennis Forks Apt. 292
Seantown, MA 70311","Teacher, special educational needs",2016-01-19
Sean Garcia,1976-06-28,Marketing,(510)671-3016,dmartinez@example.com,"9549 Waters River Apt. 037
East Pam, TN 29320",Local government officer,2023-07-23
Grant Allen,1968-09-27,Engineering,+1-498-594-0339x596,bdawson@example.com,"576 Peter Pines Suite 800
Frankmouth, OR 84306",Theme park manager,2021-09-22
Amanda Bailey,1974-05-16,Marketing,6874671262,amandamassey@example.org,"0722 Wilson Estate
South Brandonville, AR 05506",Insurance underwriter,2018-12-27
Brenda Jones,1968-09-07,HR,857.462.4825x2027,ysanchez@example.org,"USCGC Frazier
FPO AE 14704","Civil engineer, contracting",2013-10-24
Robert Cooper,1979-07-02,Marketing,(258)838-5132x7217,davidgibson@example.net,"65063 Joseph Ramp
East Dalefort, AZ 75061",Mudlogger,2015-12-27
Cameron Wood,1993-06-18,Finance,424-941-7081x2199,qwoods@example.org,"778 Patrick Ports Apt. 841
Isabellaland, NM 62056","Therapist, speech and language",2010-01-17
Rachel Alexander,1973-12-24,IT,254-672-0339,arthur44@example.net,"547 Christopher Trail
Davidhaven, ND 76709",Radio producer,2006-11-15
Jill Benson,2006-07-14,IT,982-356-0810,youngshawn@example.com,"107 Joanna Corners Suite 769
East Veronica, AR 91912",Financial planner,2008-05-01
Brittany Garcia,2003-01-31,IT,412-233-1687,jacksonjames@example.com,"105 Lisa Mountains Suite 325
New Brandon, MT 01433",Herbalist,2022-09-02
Dwayne Patel,1996-04-08,HR,926-541-9154,teresahenry@example.net,"84724 Perry Ford Apt. 762
Madelineview, ND 92159",Theatre stage manager,2010-08-03
Stephen Ward,1973-10-28,HR,+1-808-759-4858x2282,barnettcorey@example.org,"051 Robert Roads Suite 178
Shermanberg, MI 46369",Merchant navy officer,2011-02-14
Erik Brewer,1964-04-10,Finance,(594)547-8831x812,medinachristopher@example.net,"6276 Russell Glen
Sawyerbury, AZ 60179",Public relations officer,2021-08-24
Judith Harris,1980-04-23,Marketing,(993)851-2097,fcobb@example.com,"8958 Boyle Causeway
East Christopher, AZ 69711",Teaching laboratory technician,2022-12-12
Sharon Hawkins,1967-12-14,IT,001-910-269-1097,tuckerdoris@example.net,"994 Alvarado Ferry
West Russell, WA 59020","Civil engineer, contracting",2022-11-28
Taylor Harris,2006-08-15,HR,001-501-473-6646x114,deborahanderson@example.org,"79642 Brown Shoal
Smithbury, UT 48912",Bookseller,2009-03-18
William Martin,1968-09-23,Finance,001-743-264-3155x060,floresshelia@example.org,"61778 Randy Hill Apt. 509
Pricechester, GU 36410",Surgeon,2007-03-30
Michael Peterson,2000-05-18,HR,(253)344-5200,kcampbell@example.com,"2873 Ryan Hill
Vaughnchester, ID 12425",Ergonomist,2013-11-03
Mrs. Leslie Rodriguez PhD,1981-01-20,HR,204-557-9278,brandy18@example.com,"30574 Clark Plaza Apt. 025
North Rick, NY 17897",Insurance underwriter,2006-02-26
Jeffrey Pratt,1996-08-19,Engineering,001-979-556-1206x208,powelltiffany@example.net,"691 Phelps Greens
Lake Suzanne, PW 00933","Loss adjuster, chartered",2007-09-05
Barbara Santos,1984-04-11,IT,+1-384-455-2998x72713,espencer@example.com,"4073 Linda Oval
Edwardside, RI 42060",Geographical information systems officer,2020-10-05
Deborah Williams,1996-01-29,Marketing,+1-783-418-2620,nfreeman@example.net,"209 Powell Manors
Shawnmouth, WA 29456",Dietitian,2008-09-18
James Silva,2005-03-05,HR,001-803-288-2565,mcclaindavid@example.net,"702 Pope Viaduct Suite 892
Lake Michaelside, VI 86876","Scientist, water quality",2017-11-08
Amy Novak,1990-09-30,Marketing,792.921.6421x267,owong@example.net,"3546 Smith Haven
Port Katrinafurt, PW 28524",Industrial buyer,2016-11-17
Sean Thompson,1963-02-02,Marketing,(347)763-9746x87759,monique33@example.net,"04157 Mccall Alley Suite 241
South Lindastad, MH 65603",Clinical psychologist,2008-08-17
Brittany Reyes,2000-10-10,IT,7536168593,rodriguezjason@example.net,"96969 Ross Shore Suite 959
New Shanechester, IA 73517",Management consultant,2021-09-05
Brianna Roberts,1998-11-22,Finance,631.895.3185,cward@example.org,"975 Riley Cove Suite 449
Brownfurt, VI 08221",Housing manager/officer,2021-10-27
Stacey Collins,1969-09-23,Finance,227-836-5892x882,gabrielleelliott@example.com,"511 Courtney Glen
South Bailey, ID 41365",Environmental consultant,2011-01-29
Clinton Roberts,1977-12-15,IT,519-456-7811x0289,jnicholson@example.net,"6157 Darlene Stream
West Nicholasborough, UT 63310",Government social research officer,2010-09-18
Ashley Rose,2000-01-16,Engineering,001-450-556-8086x95976,andersonjohn@example.org,"967 Mark Shore
East Joditown, AS 39383",Chief Executive Officer,2023-05-18
Zachary Jenkins,1975-07-21,HR,623.379.5811x4176,kennethtaylor@example.net,"572 Anthony Hollow Apt. 155
Wolfton, ID 25854","Psychologist, forensic",2016-07-31
Terri Adams,1989-06-03,Marketing,+1-408-719-5541,rodriguezvictor@example.net,"Unit 2679 Box 7707
DPO AP 65208",Osteopath,2004-12-23
Anita Collier,1968-06-19,IT,+1-294-484-7715x64813,andersondavid@example.net,"04338 James Viaduct Apt. 542
Suttonside, GA 54784",Private music teacher,2011-12-14
Cheryl Obrien,1970-05-29,HR,001-327-620-2366x2508,jakewarren@example.com,"Unit 0221 Box 2670
DPO AP 55272","Education officer, museum",2024-01-25
Jessica Wood,1991-05-23,Marketing,720.627.8069x298,linda13@example.com,"67801 Erika Green Suite 020
Alishaport, VA 14539",Air cabin crew,2006-04-06
Cindy Tapia,1979-10-23,Engineering,5457801818,davidparker@example.com,"050 Thomas Gateway
Susanmouth, NC 06342",Hydrographic surveyor,2008-10-27
Kendra Valdez,1966-02-21,Engineering,403-701-0837x2005,hrogers@example.com,"4695 Chris Port
Davidbury, MH 44136",Press photographer,2006-03-31
Karen Ibarra,1996-08-14,Finance,890-958-4122x325,jamesburke@example.net,"4979 Davis Greens
West Michael, MT 02069",Occupational hygienist,2010-01-12
Shannon Rogers,1977-02-26,Marketing,(319)461-6100,strongjames@example.org,"162 Ray Curve Suite 210
Carlview, LA 63677",Geophysical data processor,2017-10-01
Matthew Waters,1983-02-03,HR,+1-928-540-9703x84208,michealrodriguez@example.org,"20911 Hill Stream
Sarahstad, IA 78310",Location manager,2023-04-23
